topico,tema,n,ambiente,comida,espera,patrimonio,precio,servicio,sin_dim
0,espera,355,3.9,37.5,59.7,0.8,4.2,49.9,14.6
1,servicio,355,10.7,5.9,3.4,0.8,2.3,94.1,4.2
2,ambiente,334,77.2,5.1,0.6,2.1,1.8,20.4,20.4
3,experiencia global,296,78.7,92.2,1.7,8.4,8.1,48.0,1.0
4,comida,265,3.4,90.6,1.9,8.7,3.0,5.7,6.8
5,recomendacion,263,2.3,5.3,1.5,1.5,0.4,4.2,85.2
6,comida,212,4.7,82.1,4.7,3.3,13.7,10.8,13.2
7,servicio,187,44.4,93.6,5.9,2.1,12.3,96.8,0.5
8,ocasion de consumo,155,63.9,22.6,0.0,0.6,1.9,20.0,25.8
9,referente en la ciudad,154,23.4,41.6,1.9,7.8,5.8,31.8,38.3
10,precio,140,6.4,11.4,1.4,1.4,90.0,14.3,7.1
11,comida,131,4.6,93.1,0.8,7.6,6.1,9.9,5.3
12,referente en la ciudad,122,25.4,59.8,1.6,25.4,6.6,18.0,23.0
13,comida,115,1.7,90.4,2.6,1.7,3.5,12.2,7.8
14,comida,108,4.6,97.2,3.7,2.8,43.5,11.1,0.9
15,comida,100,23.0,100.0,7.0,1.0,7.0,15.0,0.0
16,infraestructura y espacio,89,16.9,1.1,2.2,1.1,1.1,3.4,76.4
17,patrimonio,82,0.0,39.0,1.2,61.0,1.2,2.4,24.4
18,servicio,79,2.5,8.9,10.1,1.3,5.1,83.5,12.7
19,patrimonio,79,13.9,2.5,2.5,10.1,2.5,11.4,65.8
20,comida,79,2.5,57.0,5.1,2.5,10.1,16.5,27.8
21,experiencia global,77,10.4,96.1,5.2,1.3,7.8,94.8,1.3
22,comida,75,20.0,86.7,5.3,0.0,14.7,21.3,13.3
23,servicio,69,4.3,4.3,21.7,0.0,4.3,94.2,5.8
24,ocasion de consumo,68,64.7,72.1,1.5,5.9,5.9,22.1,11.8
25,experiencia global,66,4.5,3.0,0.0,0.0,1.5,13.6,78.8
26,comida,64,3.1,93.8,1.6,4.7,9.4,12.5,6.2
27,comida,58,6.9,87.9,1.7,5.2,12.1,12.1,6.9
28,comida,58,31.0,43.1,0.0,5.2,3.4,15.5,32.8
29,comida,56,14.3,75.0,3.6,19.6,7.1,17.9,17.9
30,comida,53,7.5,79.2,0.0,22.6,0.0,9.4,15.1
31,intencion de volver,50,2.0,0.0,0.0,0.0,0.0,4.0,94.0
32,experiencia global,49,0.0,4.1,0.0,0.0,6.1,6.1,83.7
33,satisfaccion,47,12.8,8.5,2.1,4.3,0.0,4.3,74.5
34,recomendacion,46,10.9,47.8,10.9,4.3,6.5,34.8,37.0
35,comida,44,2.3,86.4,4.5,4.5,6.8,15.9,9.1
36,comida,44,9.1,100.0,0.0,2.3,15.9,9.1,0.0
37,experiencia global,38,13.2,2.6,2.6,0.0,0.0,13.2,78.9
38,comida,38,2.6,92.1,0.0,18.4,15.8,10.5,2.6
39,recomendacion,38,0.0,0.0,0.0,2.6,2.6,0.0,94.7
40,medios de pago,34,0.0,0.0,2.9,0.0,0.0,5.9,91.2
