fragmento_id,texto,rating,n_dim,largo_caracteres
Ci9DQUlRQUNvZENodHljRjlvT21wNU16Rk5SR1pSYnpKdmJGZHBjMUp5YzNWdWNHYxAB_05,Hay un mesero de gafas que no es el más amigable,5,1,48
Ci9DQUlRQUNvZENodHljRjlvT2toWFJuSkpaa000V1U5QlFUY3dNSFp1VmtWQlFrRRAB_01,"Si van a poner un número, porfavor contesten, hacen perder tiempo",2,1,65
ChdDSUhNMG9nS0VORHdvZVhldThmd3FnRRAB_01,Pedímos unos almuerzos para recoger y desde la atención del dueño por teléfono fatal,1,1,84
Ci9DQUlRQUNvZENodHljRjlvT2tadGVrSmpWbVF5ZWpac1dWTk5aQzF6VlhWUFQzYxAB_07,شكراً، بارك الله فيك,5,0,20
ChZDSUhNMG9nS0VJQ0FnSURud2RIT2JBEAE_03,"bueno, quizá tuvo un mal dia",5,0,28
Ci9DQUlRQUNvZENodHljRjlvT2tGc1kzWmhSbUZ0YVd0eFIyaG5TekJtVmxrMmJWRRAB_02,los fines de semana se esmeran en atender,4,1,41
Ci9DQUlRQUNvZENodHljRjlvT2paSE9WUkhVVEpmYkRoS1ZtSmZRalpETTB4SlVsRRAB_08,"Ah y sobra aclarar, la cuenta fue un total de 150 mil pesos porque pedimos una entrada, que fue",1,0,95
ChdDSUhNMG9nS0VJQ0FnSURUeWZLbl9RRRAB_03,Recomendable,5,0,12
Ci9DQUlRQUNvZENodHljRjlvT25SSVgwcFJSMDlaTkVac05YRmpZemhPYVRkUGJtYxAB_02,Se recomienda una porción de 12 empanadas por persona para quedar lleno,5,2,71
ChZDSUhNMG9nS0VJQ0FnSUQ5MTZleURREAE_01,"Buena comida, aveces son complicados con algunas cosas como las mascotas o el entrar bebidas o agua al restaurante",5,1,114
ChdDSUhNMG9nS0VJQ0FnSUMxZzdmRjRnRRAB_01,"Me dio gastritis de tanto esperar, me aplicaron la ignoracion",1,2,61
ChZDSUhNMG9nS0VJQ0FnSUR6NGJhLUd3EAE_03,"Terra Plaza NO es bueno, tanto la presentación de sus platos como los complementos de los mismos",1,1,96
ChZDSUhNMG9nS0VJQ0FnSUNUaTVPUlhREAE_02,Recomendado,5,0,11
ChZDSUhNMG9nS0VJQ0FnSURUcUxqVkpREAE_04,que no tienen datáfono,5,0,22
ChZDSUhNMG9nS0VJQ0FnSUQ2NzhiWVl3EAE_01,"Me parece que después de que cogieron fama se dejaron alca si ar por una zona de confort , le falta presentación a [LOCAL] hay lugares donde es más grande con arroz y papas y vale lo mismo, los tamales si son bien poderosos",3,2,223
ChZDSUhNMG9nS0VJQ0FnTUNRNFBqa1J3EAE_07,Es imposible que todos opinemos igual y estemos equivocados,2,1,59
Ci9DQUlRQUNvZENodHljRjlvT2pSWmJEWkJWMnhDUW5FME9IUmZSR3hrU2xwRVNsRRAB_02,haya hoy fuy cliente le digo a la vendedora porfa que panes tienes de hoy y me dice todo podo la cantidad de pa que siempre llevo a casa y me da una hijueputas piedra no me percate sino hasta llegar a casa fuy y así mismo les devolví la bolsa y no pedí nada a cambio pésima atención del encargado de caja y de la vendedora pesiiima si se pueden saltar el comprar pan duro de [LOCAL] salten ese momento,1,1,401
Ci9DQUlRQUNvZENodHljRjlvT210ZmRqZElUVkp2WjNSTlRuRkVXVjlMYldWU2QxRRAB_01,No contestan para hacer un domicilio y uno va a las 9 y esta todo cerrado cuando los horarios de Google dice que cierra a las 12 am,2,0,131
Ci9DQUlRQUNvZENodHljRjlvT2w4d2FubFVYMWRyUm5BNGRtNXhlRFp0V21OZlkzYxAB_05,"Finalmente, te incluyen el servicio en la factura como: ""voluntario"", y no tienen la delicadeza de preguntarte si deseas pagarlo o no",1,1,133
Ci9DQUlRQUNvZENodHljRjlvT2xwelZVeEJSalZPZDIxMlZrdzRiWGRhTlVobk5sRRAB_04,En el otro restaurante del chef [LOCAL] le dimos cinco estrellas,2,1,64
ChZDSUhNMG9nS0VJQ0FnSUNYcjRDS1J3EAE_03,"A pesar de esto, sigue siendo una excelente opción para disfrutar en cualquier día de la semana, ideal tanto para una comida casual como para algo más especial",5,1,159
ChdDSUhNMG9nS0VJQ0FnSUNUdmM3NWpRRRAB_03,en una ocasión se confundieron en el pedido,5,1,43
Ci9DQUlRQUNvZENodHljRjlvT2tnelZWOUVha1Y0V25vd01qZENTSEl5Ykd0TFNrRRAB_01,"Solicite un pedido de 30 tamales y 50 empanadas para la ciudad de Bogota, llegaron salados , tuve que botarlos a la basura y esa era la opción de cena que pedí para el fin de año , les escribí y les manifesté que estaban incomible se les fue la mano de sal y no me dijeron solución, perdí lo que pague, el envío x velotax muy triste nos tocó elegir otra opción para el 31 que pesar y pedí reembolso por lo menos de la mitad y acá estoy esperando, aclaro soy payanesa y conozco los tamales de mi tierra que mala experiencia",1,2,522
Ci9DQUlRQUNvZENodHljRjlvT2t4aFZrNXNkMDF5VTNONVYzRlpSWGxLTjBkdWFtYxAB_02,Recomendado,5,0,11
Ci9DQUlRQUNvZENodHljRjlvT2xGdWJVWkpabFp6YTJrM2RIVjNiVFJpZFd4VlFXYxAB_04,"Es muy grande y rendidora, y una de las mejores opciones en la carta para compartir",5,0,83
Ci9DQUlRQUNvZENodHljRjlvT2tObFJrOUVTMGgxUVVodk4wMTJVak53UjJzd1pHYxAB_02,Recomendado,4,0,11
ChZDSUhNMG9nS0VPQ0gyNnVjdWZ2aklBEAE_02,"Que falta de respeto, las meseras no saben dar la información del menú y totalmente perdidas de mesa para entregar los pedidos",1,2,126
ChZDSUhNMG9nS0VJZjJsX2pwdDZhMlV3EAE_02,Graduación bautizos,5,0,19
Ci9DQUlRQUNvZENodHljRjlvT2xjeVFuTk9OMTk1V1hWWVFWcHBOV05EUnpKWmIwRRAB_09,"La experiencia y el servicio hace que regreses y yo, no regreso",1,1,63
ChZDSUhNMG9nS0VJQ0FnSUM3eXVEaERnEAE_06,si no hubiera quien lave platos quien cocine quien sirva su NEGOCIO NO FUNCIONARIA pues los dueños y administradores no lo van a hacer,5,2,134
Ci9DQUlRQUNvZENodHljRjlvT25KNFJWVk5TMmRCYjNoQ2RTMUhiMUkxVFRacGJVRRAB_02,malo es que te dejan de ultimo si pedis una bandeja paisa con tocino porque en si no es por hablar,5,0,98
Ci9DQUlRQUNvZENodHljRjlvT2pSRFpHdFVWRGxuV1hOTUxUVjRaRkpMUkVRNVowRRAB_06,no es muy grande,4,0,16
Ci9DQUlRQUNvZENodHljRjlvT2pWbmRXaHdXalpHUmpock1VeEdOeTFMVm1RMVExRRAB_04,ese día habían bastantes personas entonces de pronto fue por eso,5,0,64
Ci9DQUlRQUNvZENodHljRjlvT2w5SmFtVm1XVGhDV2t3MFlXWm9SVVk0UkhaQ05sRRAB_04,la porción muy escasa y solamente era hueso y pellejo,1,1,53
Ci9DQUlRQUNvZENodHljRjlvT2pRdGJ6SXRNa0ZrV0d4TVQxWjNNR2hWTldoSmFGRRAB_01,"Bonito lugar, comida libanesa rica, no reciben tarjetas",5,2,55
Ci9DQUlRQUNvZENodHljRjlvT2tkWWRXaG9Sa3hFUlhaRGEwVnFNR2RHV0UxWE4yYxAB_08,mala por ustedes perdieron un cliente diario,2,0,44
ChZDSUhNMG9nS0VJQ0FnSUM2MnRINkhREAE_08,Totalmente recomendado,4,0,22
Ci9DQUlRQUNvZENodHljRjlvT2paSE9WUkhVVEpmYkRoS1ZtSmZRalpETTB4SlVsRRAB_11,lo comento porque ya he ido,1,0,27
ChZDSUhNMG9nS0VJQ0FnTUNBOGZLZGJREAE_04,Mi acompañante pidio una crepa dulce,3,0,36
ChdDSUhNMG9nS0VJQ0FnSUNOMVBXTmlBRRAB_01,"Buenas cantidad y calidad de los productos, variedad de arepas",5,0,62
Ci9DQUlRQUNvZENodHljRjlvT201cGRVMVFZM00wVm05c1IxZDFVRTU2Umt0WUxWRRAB_01,"Muy bien lugar, precios muy favorables incluye deliciosa sopa y limonada excelente, muchos sports para fotos fantásticas, lugar para celebrar cumpleaños atención hasta las 5 pm en domingo, recomendadisimo",5,4,204
Ci9DQUlRQUNvZENodHljRjlvT21OcFZIVnVWbEJHVDFSUE9YcFdTbU01V2twSlVuYxAB_09,"Ahora no sé cuál fue el problema, si fue una mala gestión de la mercancía o un descuido de la cocina",1,0,100
Ci9DQUlRQUNvZENodHljRjlvT2paMlYwUkdOamc1U21Sa1ZrRlZVakJzY21SME1VRRAB_01,"Excelente la presentación, preparación y variedad en la carta",5,0,61
ChZDSUhNMG9nS0VJQ0FnTUNBeDdPREZREAE_02,Lo malo es que e salieron huesos en los chorizos y rompió la encía,4,0,66
ChdDSUhNMG9nS0VJQ0FnSUN2ekstUjZBRRAB_03,"Por el comentario, las proteínas y queso destacan mucho más",5,0,59
ChZDSUhNMG9nS0VJQ0FnSUNQNUpYV0F3EAE_03,En cuenta que gracias a sus empleados ustedes pueden ofrecer un buen servicio tanto en la cocina como en las mesas,1,1,114
ChZDSUhNMG9nS0VJQ0FnSUR6NGJhLUd3EAE_06,eso se puede catalogar como un engaño y una publicidad engañosa,1,0,63
ChZDSUhNMG9nS0VJQ0FnSUQxN1BUR0lREAE_07,Hay mejores opciones muy cerca,2,0,30
ChZDSUhNMG9nS0VJQ0FnSUQ3cWIzTExnEAE_08,no pienso volver,1,0,16
ChdDSUhNMG9nS0VJQ0FnSUQxLVp2Q2l3RRAB_03,"que no nos gustaron fueron los aborrajados que no tenían nada de especial, ni siquiera estaban ricos",5,1,100
Ci9DQUlRQUNvZENodHljRjlvT21SRlYyaGFSakl5TVVORFdFTmtWM1Z6U3pkMmVYYxAB_01,"Buen precio, de acuerdo a la comida, no hay donde parquear",4,2,58
ChdDSUhNMG9nS0VJQ0FnSURINmEtTjZnRRAB_02,Me dejó deseando comerme un buen corte de tomahawk,3,0,50
ChdDSUhNMG9nS0VJQ0FnSUNPMHJMZDdBRRAB_05,Recomendado,5,0,11
ChZDSUhNMG9nS0VJQ0FnSURfOF9tc2V3EAE_03,"Fuí con mi familia, mi padre pidió hígado y tuvo una intoxicación alimentaria, estuvo maluquisimo todo el día, nos afectó en todo el Paseo",1,0,138
ChdDSUhNMG9nS0VJQ0FnSUNRM0lXSzZ3RRAB_04,Tiene una buena opción de combo (promoción),4,1,43
Ci9DQUlRQUNvZENodHljRjlvT2s1VGFXVlhlbkkxTmpoamRUTlJRbmxqVnkxemQxRRAB_03,Ni hablar del ambiente tan hostil se se siente al entrar,1,1,56
Ci9DQUlRQUNvZENodHljRjlvT2pVMlduZzNVamszVW5KUWIyNU5WMU5PVG5WUFNuYxAB_04,La masa merece mención también,5,0,30
Ci9DQUlRQUNvZENodHljRjlvT2tNd1ozVXRaM1Z6VUZBMlVWbEhWekE1TTJoSE1VRRAB_01,Hace mucho no iba a comer a prints realmente tenia muchas expectativas tal como fue la primera vez,1,0,98
Ci9DQUlRQUNvZENodHljRjlvT25OMWJ6VmxZMDVSU0dabVJrVm5jMHhPUkhOTFVGRRAB_02,"el día de hoy pedimos un pie de limón y estaba dañado (moho), solicito revisar estrictamente que los alimentos cumplan las normativas de sanidad, garantizando su buen estado para el consumo",3,0,189
Ci9DQUlRQUNvZENodHljRjlvT25aTFMxVnBSM2xVTTFsT1prOTBPV2hpVTJoVmNYYxAB_05,Recomendado 100%,5,0,16
