tema,rating,topico,texto
inocuidad,5,22,"La verdad que muy satisfecho con el producto que pedí la hamburguesa espectacular la carne en el término asada, cruda, término perfecto, toque, chorizo, producto grande, hamburguesa premium, que me gustó demasiado como bastante y que también soy muy amante de la cocina"
inocuidad,3,16,Un lugar oscuro feo se ve sucio y desordenado
honestidad en el cobro,1,-1,"Pésima idea de cobrar al realizar el pedido y preguntar si se desea incluir el servicio, ya que después de recibida la atención uno puede determinar si hacerlo, o no"
honestidad en el cobro,3,-1,te cobran hasta por pedir salsa de tomate
infraestructura y clima,5,-1,"La comida es riquísima, la calidad humana 20/10 y le dieron comida a un perrito de la calle y lo dejaron resguardar de la lluvia"
infraestructura y clima,1,2,"Cuando llueve toda la zona del patio se inunda, deberían mejorar el drenaje"
horarios e informacion digital,5,15,Viaje a Popayán y los encontré por casualidad en Google y pude disfrutar sus pizzas nuevamente
horarios e informacion digital,2,0,Uno llama y no contestan para que tienen un número si no contestan
trato al personal,5,-1,Con q derecho maltrata a mi hija si bien sabido es q los negocios FUNCIONAN POR LOS TRABAJADORES
