topico,ejemplo
0,"Servicio rápido, amabilidad del personal y buena música ambiente"
0,"Todo muy rico, excelente atención, servicio rápido, son muy amables, muy recomendado"
0,"El personal es amable y atento, y se esfuerzan por hacer que los clientes se sientan cómodos y satisfechos"
1,"Sitio agradable, decoración colonial, buena atención, buenos precios"
1,"Además, la ambientación es encantadora, con una decoración acogedora y música que crea un ambiente agradable para disfrutar cualquier momento"
1,"Es un lugar con un excelente ambiente, muy bonito en su decoración, con mucho espacio, un servicio con mucha amabilidad y buena atención"
2,"Fui con mi familia, 5 personas, se tardaron 3 horas sin contar el tiempo que se tardaron en escoger nuestra mesa, ese fue como 1 hora, 4 horas en ese lugar, tuvimos que comprarle en otro restaurante a mi hermano menor, se tardaron muchísimo, y cuando por fin llegó la comida, yo la había pedido bien asado el churrasco, y me llegó con sangre, Mi mamá también pidió churrasco, nunca le llegó, me tocó compartirle y los jugos de tardaron mucho, mi hermano menor (8 años)y mi hermana del medio (10 años) fueron a pedirle amablemente al mesero y los ignoro, igual escribi en un papelito la reseña y nuestra experiencia en el restaurante, se lo di a un mesero, ojala el mesero lo haya leído, no lo creo, gracias"
2,"despachan el pedido mi esposo llama para pedir el número de nequi o cuenta de transferencia y le dicen que manejan por código QR a lo que la señora que responde la llamada dice que no se sabe el número que va a averiguarlo"" se termina la llamada, llama el domiciliario a decir que está perdido entonces mi esposo procede a decirle que no sabe muy bien ya que no estamos en el país y el domiciliario dice que entonces quien le va a cancelar a lo que mi pareja responde que el por medio de transferencia y el domiciliario dice que no que el no recibe pago por transferencia entonces mi esposo buscando soluciones le dice que le dé una espera o que si le puede ir a retirar de algun cajera que incluso le daba dinero de más y el señor se nego' y devolvió el pedido al local, estando en el local llamamos a un conocido para que pudiera ir por el pedido ya que supuestamente no reciben transferencias, ya que la persona tuvo q ir a retirar de un cajero cuando llegó al local estos ya habian cerrado sin importar que le pedimos q por favor esperarán, trasladaron el pedido para otro lugar y fue lo mismo nunnca llego el domiciliario, en pocas palabras me hicieron perder el tiempo cabe decir que era un pedido de 114 mil lastima perdieron un cliente fiel por la falta de empatía y servicio all cliente"
2,"La peor experiencia en atención al cliente, cómo es posible que estuve más de 40 minutos intentando hacer un pedido a domicilio, llamé a dos números me dejaron esperando 3 minutos en línea de espera, volví a llamar, y no me tomaban el pedido completo, luego pedí un número de WhatsApp, escribí y tuve que llamar porque no me mandaban el menú, luego pido que me confirmen el total con domicilio y le den un valor que no es, y cuando digo que por favor verifiquen me tratan con desdén y sl final no me dan el valor total"
3,Buena relación calidad/precio
3,Buena relación calidad/precio
3,"Tenía una calificación de 5 estrellas por su producto tan bueno y precio adecuado, ahora sus precios me parecieron demasiado altos por un producto que es el mismo, si van a subir sus precios por lo menos que se justifique el sabor o cantidad, la atención sigue siendo excelente y el ambiente aún conserva eso que aumenta la experiencia, lastima su subida de precio tan alta"
4,"Los amantes del pulpo no se pueden perder el pulpo a la gallega, algo pequeño…"
4,Pedi un Domicilio según Rappi ubicado en el Centro comercial Campanario
4,"Uno de los meseros del lugar súper grosero, mirando mal a todos en la mesa TOTALMENTE HORRIBLE LA EXPERIENCIA Y LOS PLATOS NADA Q VER LE FALTA CHEF"
5,"Excelente lugar, ambiente agradable, excelente ubicación, comida super deliciosa, atención personalizada, Súper recomendado"
5,"Un lugar super agradable, perfecto para visitar en pareja, ambiente especial, excelente música, los platos son deliciosos, las bebidas igualmente, amabilidad en el servicio, 5 estrellas en la calificación, olvidaba mencionar que la carta es muy amplia, tienen ese toque italiano respecto a la pasta, un lugar que no debe dejar de visitar"
5,"Excelente lugar, muy acogedor, ambiente super agradable, perfecto para compartir con familia, amigos o pareja, comida super deliciosa y amplia carta comida de mar, excelente ubicación"
6,"no hay por donde tomarlos, una cantidad exacerbada de queso crema, sentí que comí arroz con crema agria y ya, y el palmito de cangrejo, mucho respeto al cocinero que le toca estar manipulando en frío esos productos tan de pésima calidad, un palmito arenoso, seco, rígido y con un sabor muy desagradable"
6,"El tiempo de espera fue excesivo y, al recibir el plato, su sabor resultó verdaderamente desagradable: el caldo estaba grasoso, con un gusto agrio y nada parecido a lo que esperábamos, en vez de cazuela de mariscos era un caldo de pescado y horrible"
6,"Estaba babosa les envié video me todo ponerla a calentar de lo fría que estaba y más aún cómo se sentía los camarones y se justificaban mucho , tenía zahanoria la cazuela la peor cazuela que he probado al hacer el reclamo de justificaron mucho al enviarles foto de la zanahoria que me salió y al decirles que con razón tenía ese sabor ya que la cazuela no lleva eso y los camarones no estaban frescos y tampoco estaba bien preparada del momento me dijeron que ellos enviaban por ella, enviaron por ella"
7,"Gran restaurante, comida italiana muy bien hecha, la lasaña, pizza y sopa de tomate son deliciosas, todos los platos vienen acompañadas por una ensalada fresca, qué la sirven como entrada, muy rica y con una vinagreta muy bien hecha"
7,"Me gustaría compartir mi experiencia en uno de los restaurantes más destacados de la ciudad, donde la comida, el servicio y el ambiente se unen para crear una experiencia culinaria inolvidable"
7,"[LOCAL] es un restaurante típico de la ciudad, su ubicación es estratégica en la cual se puede llegar con facilidad, cuenta con diversos platos típicos de la región y un ambiente adecuado para compartir en familia, los precios son proporcionales a los productos, el establecimiento cuenta con un personal amable y dispuesto a atender cualquier solicitud que se tenga, algo particular es que también si se desea postre o un antojo dulce en el mismo lugar se puede disfrutar de helados, ensaladas de frutos entre otros, no cuenta con parqueadero"
8,"Re malísima la atención, deberían exigirles a las meseras un curso de atención al cliente, trabajan de mala gana, cuando se llaman para que lo atienda hacen como que no es con ellas, cuando llegan no le recogen los platos, de muy mal servicio NO LO RECOMIENDO"
8,"Lastimosamente contratan domiciliarios que generan mucha desconfianza y se quedan con el regreso del pago , quedan de enviar a nequi y nunca llega , es decir se roban las de vueltas , groseros y mentirosos en el caso de la domiciliaria que se quedó con la de vuelta ,a lo cual el restaurante no responde siendo que han contratado la empresa , no ofrecen disculpas y menos dan una solución , cuando casi todas las empresasbo restaurantes reportan y dan pronta solución al problema"
8,"Es triste ver cómo se bajo la calidad de atención al cliente, y veo por comentarios anteriores que ha sido la misma señora quien me ha dado servicio que deja mucho que desear, no habla bien el español y es grosera al punto en que me dijo que era mejor cortar la llamada, en vez de buscar una solución"
9,"Un excelente lugar para compartir en familia, pareja y amigos"
9,Excelente lugar para compartir con familia y amigos
9,"Excelente lugar para compartir en familia, amigos o en pareja"
