topico,n,porcentaje,terminos,rating_medio,pct_1_2_estrellas,largo_mediano,local_top,pct_local_top,n_locales,dimension_dominante
-1,1141,19.3,"no, recomendado, más, ni, carta, plato, mesa, cuenta, sin, pedí",3.2,39.9,58,Carantanta,4.3,116,comida (21%)
0,355,6.0,"hora, pedido, minutos, no, horas, esperando, después, demora, más, nunca",1.88,75.8,103,Carantanta,5.4,81,espera (60%)
1,355,6.0,"servicio, atención, buena, personal, buena atención, servicio atención, atento, rápido, excelente, atención buena",4.09,18.6,43,Il Gallo Restaurante,7.9,95,servicio (94%)
2,334,5.6,"lugar, agradable, ambiente, sitio, decoración, acogedor, lugar agradable, bonito, lugar bonito, ambiente agradable",4.34,11.1,47,Il Gallo Restaurante,11.4,77,ambiente (77%)
3,296,5.0,"lugar, comida, comida deliciosa, deliciosa, agradable, excelente, atención, sitio, ambiente, bonito",4.75,2.7,76,Il Gallo Restaurante,13.5,83,comida (92%)
4,265,4.5,"comida, deliciosa, comida deliciosa, comida comida, deliciosa comida, buena, buena comida, sabor, delicioso, comida buena",4.26,12.8,40,Oveja Restaurante,6.0,88,comida (91%)
5,263,4.4,"super recomendado, recomendado, super, bueno, gracias, mejorar, recomiendo, felicidades, espero, recomendadísimo",4.03,18.6,17,Oveja Restaurante,6.5,84,comida (5%)
6,212,3.6,"carne, no, sabor, tenía, comida, carne no, sin, nada, ni, cazuela",1.98,71.7,85,Frijol Verde,6.6,72,comida (82%)
7,187,3.2,"servicio, excelente servicio, servicio comida, excelente, comida, buen servicio, buen, deliciosa, servicio excelente, comida deliciosa",4.79,2.1,75,Il Gallo Restaurante,16.6,65,servicio (97%)
8,155,2.6,"amigos, música, familia, cumpleaños, compartir, familia amigos, compartir familia, buena música, celebrar, pareja",4.48,7.1,70,Casona Vip Food And Drinks,16.8,53,ambiente (64%)
9,154,2.6,"ciudad, excelente, ciudad comida, buen, experiencia, comida, mejores ciudad, ambiente, elegante, buena",4.4,11.0,70,Oveja Restaurante,11.0,53,comida (42%)
10,140,2.4,"precios, precio, relación, calidad, calidad precio, costoso, relación calidad, elevados, caro, altos",3.7,25.0,46,Carantanta,5.7,68,precio (90%)
11,131,2.2,"platos, plato, ingredientes, variedad platos, presentación, calidad, variedad, deliciosos, sabor, nota",4.27,12.2,69,Il Gallo Restaurante,9.2,57,comida (93%)
12,122,2.1,"mejor, mejores, ciudad, lugar, comida típica, típicos, mejor lugar, típica, ubicado, comida",4.75,2.5,83,Mora Castilla,13.1,57,comida (60%)
13,115,1.9,"delicioso, sabor, sabores, buen sabor, buen, presentación, lengua, salsa, vale, plato",4.5,7.8,44,Mora Castilla,7.0,64,comida (90%)
14,108,1.8,"rica, rica comida, comida rica, comida, precios, precio, ricos, calidad, comida precios, relación",3.87,18.5,56,Carantanta,6.5,59,comida (97%)
15,100,1.7,"pizza, pizzas, deliciosa, masa, mejor, sabores, ingredientes frescos, ingredientes, bocado, diavola",4.72,5.0,69,Pizza Club,24.0,10,comida (100%)
16,89,1.5,"pequeño, lugar, lugar pequeño, pequeño lugar, parqueo, lugar no, sillas, ciudad, zona, calle",3.69,21.3,44,Mora Castilla,13.5,46,ambiente (17%)
17,82,1.4,"empanadas, pipian, pipián, salpicón, empanaditas, maní, payanes, salpicón payanes, ají, empanadas pipian",4.32,14.6,57,Mora Castilla,24.4,37,patrimonio (61%)
18,79,1.3,"cliente, atención, mala, clientes, no, pésima, atención cliente, meseros, parte, actitud",1.7,78.5,96,La Cosecha Parrillada - Centro,8.9,47,servicio (84%)
19,79,1.3,"lugares, lugar, mejor, mejores lugares, tradicional, centro, sitios, histórico, cerca, ciudad",4.58,8.9,49,Carantanta,12.7,38,ambiente (14%)
20,79,1.3,"limonada, bebidas, bebida, vinos, jugo, pedí, mango, selección, limón, sin",3.81,26.6,58,Oveja Restaurante,8.9,42,comida (57%)
21,77,1.3,"atención, atención comida, comida, comida atención, comida deliciosa, atención buena, deliciosa, buena, buena atención, excelente",4.73,2.6,58,Il Gallo Restaurante,15.6,42,comida (96%)
22,75,1.3,"hamburguesas, hamburguesa, sandwich, sándwich, deliciosas, burguer, master, carne, buenas, venden",3.69,26.7,67,Dom Burger,22.7,26,comida (87%)
23,69,1.2,"servicio, mal servicio, mal, pésimo, pésimo servicio, mala, demorado, servicio servicio, servicio no, servicio pésimo",1.81,73.9,48,La Cosecha Parrillada - Centro,10.1,41,servicio (94%)
24,68,1.2,"compartir, familia, amigos, cenar, compartir familia, lugar, agradable compartir, disfrutar, familia amigos, agradable",4.82,0.0,78,Il Gallo Restaurante,10.3,41,comida (72%)
25,66,1.1,"experiencia, terrible, mala, mala experiencia, decepcionante, decepcionada, triste, decepción, mal, no buena",1.73,81.8,28,Carantanta,10.6,45,servicio (14%)
26,64,1.1,"carne, carnes, pollo, carne res, res, cerdo, parrilla, opciones, precio, punto",4.3,9.4,58,La Cosecha Parrillada - Centro,15.6,30,comida (94%)
27,58,1.0,"arroz, sushi, ramen, mil pesos, mil, pesos, arroz chino, chino, calidad, sabor",2.98,44.8,120,HOSHI,25.9,17,comida (88%)
28,58,1.0,"café, cafés, tomar, bebidas, preparación, experiencia única, café chocolate, delicioso, leche, sector",4.48,6.9,63,Togoima - Café Ritual,34.5,14,comida (43%)
29,56,0.9,"mexicana, pacífico, santos, colombiano, eduardo santos, eduardo, postre eduardo, colombiana, postre, guapi",4.43,7.1,76,Chilango Padrísimo,10.7,27,comida (75%)
30,53,0.9,"postres, postre, helado, chocolate, deliciosas, torta, crema, dulces, helados, delicioso",4.51,11.3,71,La tienda de Carmelita,18.9,23,comida (79%)
31,50,0.8,"volvería, sin duda, duda, volveré, sin, volveremos, volvería sin, pronto, volver, espero volver",4.8,4.0,32,Il Gallo Restaurante,18.0,28,servicio (4%)
32,49,0.8,"nada, no, barato no, mala atención, ver no, no recomendado, barato, falta, nada ver, no nada",2.33,61.2,17,Carantanta,4.1,36,precio (6%)
33,47,0.8,"encantó, gustó, encanta, gusta, feliz, satisfecho, encantó lugar, estuve, encanto, pareció",4.74,4.3,20,Il Gallo Restaurante,12.8,30,ambiente (13%)
34,46,0.8,"no, nada, mal, no recomiendo, mala, pedir, comida, mismo, negativa, no puedes",1.89,73.9,105,Carantanta,10.9,27,comida (48%)
35,44,0.7,"pollo, pollo asado, asado, papas, duro, viejo, sancocho, jugoso, maíz, crudo",2.43,59.1,72,Restaurante Granadino Pollo al limón,22.7,20,comida (86%)
36,44,0.7,"menú, variado, menú variado, menú no, variado menú, delicioso menú, menu, paladar, atención menú, está disponible",4.18,11.4,58,Carantanta,9.1,26,comida (100%)
37,38,0.6,"experiencia, buena experiencia, experiencia buena, maravillosa, excelente experiencia, experiencia general, buena, general experiencia, agradable experiencia, experiencia agradable",4.39,13.2,39,Il Gallo Restaurante,26.3,25,ambiente (13%)
38,38,0.6,"rico, también, ricas, ricos, también ricos, rico buen, rica, económico, salsa, pasta rica",4.42,10.5,39,Mora Castilla,13.2,28,comida (92%)
39,38,0.6,"no recomiendo, recomiendo, recomiendo no, recomiendo nada, no, nada no, lugar no, nada, recomiendo lugar, recomiendo verdad",1.53,84.2,26,Carantanta,7.9,31,patrimonio (3%)
40,34,0.6,"efectivo, pago, transferencia, efectivo transferencia, tarjeta, pagar, puede pagar, efectivo no, puede, factura",3.26,29.4,48,Carantanta,5.9,31,servicio (6%)
