place_id,name,type,subtypes,address,latitude,longitude,dist_parque_caldas,zona,rating,reviews,reviews_per_score_1,reviews_per_score_2,reviews_per_score_3,reviews_per_score_4,reviews_per_score_5,query,incluido,motivo_exclusion
ChIJT49WTW0DMI4RLeC6CztvHfA,Éxito Panamericana Popayán,Supermarket,"Supermarket, Bakery, Butcher shop, Clothing store, Fish store, Fresh food market, Fruit and vegetable store, Hardware store, Home goods store, Toy store","Cra. 9 #6 N - 03, Comuna 1, Popayán, Cauca",2.4512519,-76.6070347,1047.0,fuera,4.2,6851.0,345.0,194.0,775.0,2089.0,3448.0,"restaurantes, Popayán, Colombia",False,Cadena nacional; no gastronomico
ChIJgSF2bnMDMI4Rtd_ptRhXpGE,Carantanta,Bar & grill,"Bar & grill, Restaurant","Av. Panamericana #11N #18, Comuna 1, Popayán, Cauca",2.4529778,-76.6018579,1329.0,fuera,4.3,2995.0,116.0,77.0,250.0,756.0,1796.0,"restaurantes, Popayán, Colombia",True,
ChIJtyydrHUDMI4Rp09CZYhikeQ,Mora Castilla,Colombian restaurant,Colombian restaurant,"Cl 2 #4 - 42, Centro, Popayán, Cauca",2.4435377,-76.60368559999999,342.0,centro_historico,4.7,2040.0,13.0,11.0,65.0,363.0,1588.0,"restaurantes, Popayán, Colombia",True,
ChIJZyLeGRADMI4R6_TYQVNsSFM,La Cosecha Parrillada - Centro,Restaurant,"Restaurant, Argentinian restaurant, Colombian restaurant","Cl. 4 #7-79, Centro, Popayán, Cauca",2.4426602,-76.6073968,153.0,centro_historico,4.4,1700.0,75.0,36.0,102.0,407.0,1080.0,"restaurantes, Popayán, Colombia",True,
ChIJ23BqWhIDMI4RcD9q5B-Xf0A,La Cosecha Parrillada - Barrio Modelo,Restaurant,Restaurant,"con, carrera 11, Cl. 4 Nte., Popayán, Cauca",2.4486381,-76.60867619999999,799.0,fuera,4.4,1699.0,72.0,34.0,123.0,393.0,1077.0,"restaurantes, Popayán, Colombia",True,
ChIJ34efcHcDMI4RZGg76H2dfYY,La Cosecha Parrillada - Campamento,Restaurant,Restaurant,"Cl. 18 Nte. #1411, Comuna 1, Popayán, Cauca",2.460395,-76.5984098,2238.0,fuera,4.4,1570.0,57.0,33.0,95.0,375.0,1010.0,"restaurantes, Popayán, Colombia",True,
ChIJWZK9YXQDMI4R0rgLfDQA1as,Dom Burger,Hamburger restaurant,"Hamburger restaurant, Fast food restaurant","Cl. 16 Nte. #8-16, Comuna 1, Popayán, Cauca",2.453754,-76.59957949999999,1517.0,fuera,4.6,1567.0,47.0,16.0,79.0,295.0,1130.0,"restaurantes, Popayán, Colombia",True,
ChIJHT_kOQ8DMI4Rj6SSuxo7o54,Blessed Heart Coffee Bar,Bar,Bar,"Cra. 2a #1-70, Centro, Popayán, Cauca",2.4431145,-76.6015848,539.0,centro_historico,4.4,1359.0,41.0,33.0,121.0,356.0,808.0,"restaurantes, Popayán, Colombia",False,Bar sin servicio de comida en mesa
ChIJ53wBsiIDMI4RVchaavYLlYk,Salchipapas La 20 Popayán!,Snack bar,Snack bar,"Cra. 20 #8b30, Popayán, Cauca",2.4413068,-76.61903099999999,1419.0,fuera,4.2,1342.0,78.0,47.0,164.0,328.0,725.0,"restaurantes, Popayán, Colombia",True,
ChIJ6YrPQRADMI4RFA5R557Ovao,Restaurante Italiano y Pizzería,Restaurant,Restaurant,"Cl. 4 #883, Centro, Popayán, Cauca",2.4429764,-76.6082806,255.0,centro_historico,4.4,1174.0,35.0,22.0,90.0,284.0,743.0,"restaurantes, Popayán, Colombia",True,
ChIJ5XaBsUMEMI4RjDCYTN-7wHk,Il Gallo Restaurante,Restaurant,Restaurant,"Calle 35 Norte #21-215, Comuna 1, Popayán, Cauca",2.4787054,-76.590769,4444.0,fuera,4.7,1160.0,17.0,10.0,33.0,142.0,958.0,"restaurantes, Popayán, Colombia",True,
ChIJ77L30XADMI4RGnExvzwipjQ,Jack & Jhonas Bar Food,Restaurant,"Restaurant, Bar","Boulevard Rose Carrera 9 #No. 12N99, Popayán, Cauca",2.4543042,-76.6003557,1531.0,fuera,4.5,1100.0,34.0,15.0,42.0,247.0,762.0,"restaurantes, Popayán, Colombia",True,
ChIJgS-P5RYDMI4RBBwz9dyPBSc,Asadero Kikos - Centro,Restaurant,"Restaurant, Chophouse restaurant, Fast food restaurant, Meal delivery","Calle 7 #2A30 8353443, Cra. 2a #6a-30, Popayán, Cauca",2.4386701,-76.6038626,445.0,centro_historico,4.0,1059.0,82.0,42.0,155.0,267.0,513.0,"comida típica, Popayán, Colombia",True,
ChIJDTqxInMDMI4RC5RrQjXkpaI,El Quijote Terraza Barbacoa,Barbecue restaurant,Barbecue restaurant,"Cl. 9 Nte. #830, Comuna 1, Popayán, Cauca",2.4522056,-76.6029107,1209.0,fuera,4.3,1038.0,54.0,17.0,74.0,286.0,607.0,"restaurantes, Popayán, Colombia",True,
ChIJX92F0R0DMI4R5X6SmgrFz4E,Lechona La Orejona,Restaurant,"Restaurant, Tamale shop","Cra. 9 #14-10, Santa Teresa, Popayán, Cauca",2.4342946,-76.61181739999999,1043.0,fuera,4.4,1024.0,23.0,18.0,96.0,283.0,604.0,"restaurantes, Popayán, Colombia",True,
ChIJz7K2JnUDMI4RR78E9sX4g94,Hotel El Recuerdo,Restaurant,"Restaurant, Pizza restaurant, Hotel","Cra. 6 #16 AN-23, Comuna 1, Popayán, Cauca",2.4523202,-76.5980488,1478.0,fuera,4.4,855.0,29.0,11.0,62.0,218.0,535.0,"restaurantes, Popayán, Colombia",False,Alojamiento
ChIJPy_i_D0DMI4R0rJ4Byp_Yhg,Comidas Rapidas Yamerli,Fast food restaurant,Fast food restaurant,"Cl 5 #21-22, Popayán, Cauca",2.446528,-76.6186216,1466.0,fuera,4.1,823.0,66.0,39.0,87.0,214.0,417.0,"restaurantes, Popayán, Colombia",True,
ChIJnfaXYXYDMI4RxfnSGWqVBjw,El Perol de mi Apa,Restaurant,Restaurant,"Cra. 6a #18 Norte-74, Popayán, Cauca",2.4529471,-76.5967308,1625.0,fuera,4.3,761.0,29.0,17.0,85.0,230.0,400.0,"restaurantes, Popayán, Colombia",True,
ChIJI1kmWwUDMI4RgK8n7w11rMI,Hotel Camino Real,Restaurant,"Restaurant, Hotel","Cl 5 # 5-59, Centro, Popayán, Cauca",2.4411089,-76.6057174,105.0,centro_historico,4.5,724.0,19.0,13.0,49.0,184.0,459.0,"restaurantes, Popayán, Colombia",False,Alojamiento
ChIJV2P4g4UEMI4R7Gfx-95P19Q,La Lomita,Restaurant,Restaurant,"Km 9, variante Sur #Norte, Popayán, Cauca",2.4795904,-76.6035361,4206.0,fuera,4.3,699.0,22.0,17.0,64.0,192.0,404.0,"restaurantes, Popayán, Colombia",True,
ChIJ8fruJ3MDMI4Rsc3BHoFlH4Y,Frijol Verde,Restaurant,Restaurant,"Cl. 9 Nte. #875 8- a, Comuna 1, Popayán, Cauca",2.451917,-76.6036596,1155.0,fuera,4.2,660.0,52.0,22.0,54.0,155.0,377.0,"restaurantes, Popayán, Colombia",True,
ChIJhYITkQ8DMI4RXOYZkVnsflw,Togoima - Café Ritual,Cafe,Cafe,"Cra 5 #3-34, Centro, Popayán, Cauca",2.4424466,-76.604693,187.0,centro_historico,4.7,657.0,3.0,2.0,21.0,142.0,489.0,"restaurante centro histórico, Popayán, Colombia",True,
ChIJb9bipw8DMI4RbVqAyi6SQjc,Aplanchados Doña Chepa,Dessert shop,Dessert shop,"Cl 2 #4-46, Centro, Popayán, Cauca",2.4435278,-76.6037648,334.0,centro_historico,4.6,604.0,6.0,7.0,23.0,125.0,443.0,"comida típica, Popayán, Colombia",True,
ChIJ3-nAY3MDMI4R01eDBy3omTQ,Terra Inca,Restaurant,Restaurant,"Cra. 8 #1367, Comuna 1, Popayán, Cauca",2.4529042,-76.60110499999999,1355.0,fuera,4.6,583.0,13.0,8.0,24.0,135.0,403.0,"restaurantes, Popayán, Colombia",True,
ChIJgXgrvAUDMI4Rs-JGcX0vtoc,La Semilla Escondida restaurante,Restaurant,Restaurant,"Cl. 9 Nte. #1029, Comuna 1, Popayán, Cauca",2.4532838,-76.60440849999999,1286.0,fuera,4.6,582.0,13.0,6.0,21.0,117.0,425.0,"restaurantes, Popayán, Colombia",True,
ChIJk4UtwxYDMI4RjDmqniuQciQ,"Restaurante La Chuleta de la abuela ""Chuleta Pobre""",Restaurant,Restaurant,"Cl. 4 #1551, Popayán, Cauca",2.4447371,-76.6136768,882.0,fuera,4.2,579.0,21.0,14.0,76.0,161.0,307.0,"restaurantes, Popayán, Colombia",True,
ChIJa2z9zz4DMI4R_gSf0uWJH7k,Pio Pio Santa Elena,Restaurant,Restaurant,"Cl 5 # 27-35, Popayán, Cauca",2.4483971,-76.6231372,2009.0,fuera,4.0,575.0,52.0,27.0,81.0,151.0,264.0,"restaurantes, Popayán, Colombia",True,
ChIJzSC2lxoDMI4RcdClg8xLdQw,Bar El Sotareño,Bar,Bar,"Centro Histórico, Cra. 7 #2-34, Centro, Popayán, Cauca",2.4439563,-76.60611229999999,233.0,centro_historico,4.6,573.0,6.0,12.0,35.0,118.0,402.0,"restaurante centro histórico, Popayán, Colombia",False,Bar sin servicio de comida en mesa
ChIJ9abRE6ksoJURU1rdJXRZi0Q,Cubanitos,Fast food restaurant,Fast food restaurant,"JOSE MARIA OBANDO, Cl. 7 #21-32, Popayán, Cauca",2.4443075,-76.6195114,1495.0,fuera,4.3,573.0,20.0,8.0,65.0,141.0,339.0,"restaurantes, Popayán, Colombia",True,
ChIJV13FdAYDMI4RJgTXVhIxTo0,Restaurante los Quingos,Restaurant,Restaurant,"# a 104, Cl. 4e #12, Comuna 1, Popayán, Cauca",2.4403935,-76.6006069,651.0,centro_historico,4.2,565.0,21.0,16.0,60.0,175.0,293.0,"restaurantes, Popayán, Colombia",True,
ChIJ45v8iMYDMI4Rlaatvi3yPs8,Pío Pío Centro,Restaurant,Restaurant,"Cl. 6 #8-67, Centro, Popayán, Cauca",2.4410488,-76.6087493,290.0,centro_historico,4.1,562.0,37.0,27.0,64.0,152.0,282.0,"restaurantes, Popayán, Colombia",True,
ChIJuXcMCBIDMI4R_3FmDbt0neU,sevichería El Costeño,Restaurant,Restaurant,"Cra. 9 Nte. #2N-46, Comuna 1, Popayán, Cauca",2.4471409,-76.6066594,588.0,centro_historico,4.4,553.0,19.0,6.0,48.0,141.0,339.0,"restaurantes, Popayán, Colombia",True,
ChIJN7nmRQ8DMI4RG6A59U-U3vg,Restaurante Mey Chow,Restaurant,"Restaurant, Chinese restaurant","Cra. 2 # 2 -23, Popayán, Cauca",2.4425641,-76.601568,529.0,centro_historico,4.4,551.0,36.0,10.0,27.0,123.0,355.0,"restaurantes, Popayán, Colombia",True,
ChIJJzOvujEDMI4RI8Lh08s6Lg0,Comida Rápida PEDRO PARRILLA Popayán,Hamburger restaurant,Hamburger restaurant,"Cra. 9 #20N 24, Popayán, Cauca",2.4559136,-76.5963153,1914.0,fuera,4.2,546.0,33.0,13.0,52.0,138.0,310.0,"restaurantes, Popayán, Colombia",True,
ChIJoeZOA3MDMI4RAW85OBordyU,Oveja Restaurante,Restaurant,"Restaurant, Bar","Cl. 10 Nte. #9-60, Comuna 1, Popayán, Cauca",2.4534638,-76.6034885,1326.0,fuera,4.6,540.0,18.0,9.0,27.0,73.0,413.0,"restaurantes, Popayán, Colombia",True,
ChIJs9W4eYQDMI4RSZGR-4ksBhg,Rancho Grande,Restaurant,Restaurant,"Pan-American Hwy, Comuna 1, Popayán, Cauca",2.4635718,-76.5890672,3079.0,fuera,4.2,514.0,19.0,23.0,52.0,149.0,271.0,"restaurantes, Popayán, Colombia",True,
ChIJwS-sIw0DMI4RzlioG8QB1mo,Choriasados Belalcazar,Chophouse restaurant,"Chophouse restaurant, Churreria, Steak house","Cl. 8 #6 Norte 81, Comuna 1, Popayán, Cauca",2.4501538,-76.6042236,949.0,fuera,4.2,488.0,32.0,17.0,53.0,117.0,269.0,"restaurantes, Popayán, Colombia",True,
ChIJlywJHnYDMI4RHilr1ejJlig,...Quieta Margarita!,Restaurant,Restaurant,"Cra. 9 #22N-24, Popayán, Cauca",2.4569868,-76.5951498,2087.0,fuera,4.4,477.0,9.0,14.0,41.0,127.0,286.0,"restaurantes, Popayán, Colombia",True,
ChIJK5UkFQIDMI4R5rKvAM4hULQ,RESTAURANTE CHINA,Restaurant,Restaurant,"Cl. 4 #13-31, Popayán, Cauca",2.4442221,-76.61198519999999,686.0,centro_historico,4.1,469.0,45.0,13.0,49.0,126.0,236.0,"restaurantes, Popayán, Colombia",True,
ChIJqTKcvy0DMI4Rfsrb1C8Rx1A,Restaurante Tipico Vereda De Torres Fritos Doris,Restaurant,Restaurant,"57, Popayán, Cauca",2.4406796,-76.6370094,3417.0,fuera,4.3,455.0,29.0,12.0,44.0,96.0,274.0,"restaurantes, Popayán, Colombia",True,
ChIJI_3Qf9QDMI4RaFiillsa6tI,El Sabio Gastrobar,Bar & grill,"Bar & grill, Restaurant","Cra. 8 #10n-06, Comuna 1, Popayán, Cauca",2.4518937,-76.6031347,1168.0,fuera,4.3,453.0,27.0,10.0,27.0,108.0,281.0,"restaurantes, Popayán, Colombia",True,
ChIJceg6WZ0DMI4RMZYp6EZUlSQ,Plazoleta de Comidas,Restaurant,Restaurant,"Cra. 9 #24AN-21, Popayán, Cauca",2.4599594,-76.5948798,2377.0,fuera,4.4,449.0,8.0,6.0,40.0,126.0,269.0,"restaurantes, Popayán, Colombia",True,
ChIJbZ4EeXQDMI4Rm9xs6Xvhn4E,Chilango Tex-Mex & Cocktails,Restaurant,Restaurant,"Cra. 6 #37AN - 26, Popayán, Cauca",2.4652374,-76.5805548,3862.0,fuera,4.3,443.0,27.0,17.0,31.0,100.0,268.0,"restaurante centro histórico, Popayán, Colombia",True,
ChIJX4a4M-8DMI4Row4jKShr-KE,Cantina VIP,Bar & grill,Bar & grill,"Boulevard rose, Cra. 9 #12 N - 99 local 3, Comuna 1, Popayán, Cauca",2.4542647,-76.6005227,1519.0,fuera,4.5,438.0,16.0,7.0,27.0,89.0,299.0,"restaurantes, Popayán, Colombia",True,
ChIJjxytrRADMI4Rd0ZuNfD_zN0,Antojitos Mexicanos,Restaurant,Restaurant,"Cra 12 #6-98 6-2 a, Popayán, Cauca",2.4420991,-76.612303,670.0,centro_historico,4.5,431.0,16.0,2.0,23.0,109.0,281.0,"restaurantes, Popayán, Colombia",True,
ChIJgbNv8wUDMI4RUxniFLm-2TA,La casa del té popayán,Tea house,Tea house,"Carrera 2 ##378, Popayán, Cauca",2.4412737,-76.6021957,458.0,centro_historico,4.7,410.0,4.0,0.0,9.0,73.0,324.0,"restaurante centro histórico, Popayán, Colombia",True,
ChIJnU7pywwDMI4RHaEHmhsimFM,Wok House - Asian Fast Food,Japanese restaurant,Japanese restaurant,"Cra. 7 #10 Norte-22 Brr Prados del Norte, Popayán, Cauca",2.4510242,-76.60244879999999,1103.0,fuera,4.1,398.0,42.0,13.0,34.0,69.0,240.0,"restaurantes, Popayán, Colombia",True,
ChIJg6VhrXUDMI4ReOYtpUiuV_U,Zan Anghel restaurantes en popayán,Restaurant,Restaurant,"Cl. 20 Nte. #8-38, Popayán, Cauca",2.4555453,-76.59598489999999,1903.0,fuera,4.6,388.0,8.0,6.0,19.0,77.0,278.0,"restaurantes, Popayán, Colombia",True,
ChIJY_h8Zw8DMI4RsW75p9pgJZk,Carpe Diem,Restaurant,Restaurant,"Cl. 3 # 2-54, Centro, Popayán, Cauca",2.4421136,-76.6023653,435.0,centro_historico,4.6,387.0,4.0,7.0,10.0,97.0,269.0,"restaurantes, Popayán, Colombia",True,
ChIJMweWdBcDMI4ROs8h1XgPFqA,Loncheria caldas esmeralda,Restaurant,Restaurant,"Cra. 17 # 6-25, Popayán, Cauca",2.4429146,-76.6149391,970.0,fuera,4.3,387.0,20.0,9.0,36.0,95.0,227.0,"restaurantes, Popayán, Colombia",True,
ChIJNzg2yREDMI4RbW0hNc5KKXM,Restaurante Granadino Pollo al limón,Chicken restaurant,Chicken restaurant,"Cra. 9 # 2-11, Centro, Popayán, Cauca",2.4444855,-76.60768329999999,331.0,centro_historico,4.0,378.0,28.0,22.0,39.0,111.0,178.0,"restaurantes, Popayán, Colombia",True,
ChIJV9YbP3cDMI4R_fr6PLsM7mI,Icono Crepes en Cono & Cafe,Cafe,Cafe,"#17an-36 Local 2 Glorieta Carrera 15, Popayán, Cauca",2.4595547,-76.59957969999999,2103.0,fuera,4.4,366.0,13.0,6.0,30.0,85.0,232.0,"restaurantes, Popayán, Colombia",True,
ChIJe75h8wUDMI4RQMeoH9vdfLg,Pita,Restaurant,Restaurant,"Cl. 1a #2-17, Centro, Popayán, Cauca",2.4436347,-76.6015104,565.0,centro_historico,4.6,366.0,9.0,5.0,14.0,74.0,264.0,"restaurante centro histórico, Popayán, Colombia",True,
ChIJmX5VYBoDMI4RmiZhQUQadsk,Restaurante Vegetariano Maná,Vegetarian restaurant,Vegetarian restaurant,"Cl. 7 #9-56, Centro, Popayán, Cauca",2.4407997,-76.6097248,401.0,centro_historico,4.4,365.0,8.0,9.0,33.0,104.0,211.0,"restaurantes, Popayán, Colombia",True,
ChIJ53j8fNkCMI4RWNteuDxu3yE,Recreation center - The Eden of my grandparents,Restaurant,"Restaurant, Function room facility","Cl. 22 ##1, Popayán, Cauca",2.4276221,-76.6264966,2749.0,fuera,4.3,360.0,22.0,13.0,27.0,78.0,220.0,"restaurantes, Popayán, Colombia",True,
ChIJz8caOJ0DMI4RfD6EvDWYKwc,Old Jack Angus Burger,Hamburger restaurant,Hamburger restaurant,"Boulevard Rose contenedor 3, Popayán, Cauca",2.4548039,-76.6007436,1564.0,fuera,4.3,356.0,25.0,10.0,24.0,73.0,224.0,"restaurantes, Popayán, Colombia",True,
ChIJXRBwkBADMI4RUEKP8ni5YpA,Portales de Sebas,Restaurant,Restaurant,"a 10-199, Cl 5 #10-1, Popayán, Cauca",2.4423876,-76.61035389999999,457.0,centro_historico,4.6,346.0,8.0,4.0,13.0,85.0,236.0,"restaurante centro histórico, Popayán, Colombia",True,
ChIJr969f5sDMI4RNKehO3Nnlks,Los Cuates Comida Mexicana Y Rapida,Mexican restaurant,Mexican restaurant,"clle 27N#6B09 barrió Palace, Popayán, Cauca",2.4584735,-76.58916669999999,2650.0,fuera,4.5,334.0,5.0,6.0,18.0,84.0,221.0,"restaurantes, Popayán, Colombia",True,
ChIJyfjPXp0DMI4R2-VEuD_5NKM,Casa del Arroz Popayán,Restaurant,Restaurant,"Cra. 9 #24 A Norte- 21, Comuna 1, Popayán, Cauca",2.4600562,-76.5946312,2401.0,fuera,4.6,328.0,18.0,2.0,11.0,23.0,274.0,"restaurantes, Popayán, Colombia",True,
ChIJCX0OTxIDMI4RxRpWo2C5S34,PIETRA Handmade Pizza,Restaurant,Restaurant,"Cl. 20 Nte. #8-47, Popayán, Cauca",2.4556464,-76.5962867,1892.0,fuera,4.7,326.0,6.0,4.0,12.0,49.0,255.0,"restaurantes, Popayán, Colombia",True,
ChIJQ6TvIZUDMI4RY9NrlE9mlzs,Paladares a la Parrilla,Restaurant,Restaurant,"Cl. 7 Nte. #9 44Comuna 1, Comuna 1, Popayán, Cauca",2.452233,-76.60540929999999,1157.0,fuera,4.3,324.0,14.0,7.0,28.0,82.0,193.0,"restaurantes, Popayán, Colombia",True,
ChIJNV3VK7ADMI4RTgHwAs2bAs4,Cerro Brujo Café,Cafe,"Cafe, Bar, Coffee roastery, Coffee shop, Fast food restaurant, Gastropub, Hamburger restaurant, Italian restaurant, Pizza restaurant, Sandwich shop","Cl. 8 Nte. #11-08, Comuna 1, Popayán, Cauca",2.4533997,-76.6054858,1285.0,fuera,4.3,311.0,17.0,12.0,21.0,75.0,186.0,"restaurantes, Popayán, Colombia",True,
ChIJ9TRFy1MdMI4RHvuObjMOOas,La Parrillada De Pablo,Restaurant,Restaurant,"Cl. 8 Nte. #11-16, Comuna 1, Popayán, Cauca",2.4534964,-76.6055373,1296.0,fuera,4.2,305.0,24.0,5.0,26.0,70.0,180.0,"restaurantes, Popayán, Colombia",True,
ChIJP0acGoQDMI4RU_pMe2SVg-0,Restaurante Donde Ana Victoria,Restaurant,Restaurant,"Comuna 1, Popayán, Cauca",2.4650568,-76.5883783,3256.0,fuera,4.3,304.0,9.0,10.0,33.0,95.0,157.0,"restaurantes, Popayán, Colombia",True,
ChIJ44_cWw0DMI4RQIFflHPsM3c,Restaurante Dao Xiang,Chinese restaurant,Chinese restaurant,"Cra. 17 #6N-82, Popayán, Cauca",2.4398036,-76.61597549999999,1102.0,fuera,4.0,303.0,31.0,10.0,35.0,74.0,153.0,"restaurantes, Popayán, Colombia",True,
ChIJDaICRzIDMI4R_g2gRIDEivk,Maria Félix Taqueria,Restaurant,Restaurant,"Cl. 16 Nte. #8 - 26, Comuna 1, Popayán, Cauca",2.4537137,-76.5995666,1513.0,fuera,4.4,303.0,18.0,7.0,15.0,47.0,216.0,"comida típica, Popayán, Colombia",True,
ChIJ4-FSRBIDMI4RgBYgIdMecjg,"Rio, comidas rapidas",Restaurant,Restaurant,"Cra. 11 Nte., Comuna 1, Popayán, Cauca",2.4482012,-76.6085671,749.0,fuera,4.2,298.0,16.0,14.0,32.0,70.0,166.0,"restaurantes, Popayán, Colombia",True,
ChIJRTVQjmcDMI4RYIiUdtFXqUg,Ñapanga,Family restaurant,Family restaurant,"Cra. 8 #3-19, Centro, Popayán, Cauca",2.4432952,-76.60706929999999,182.0,centro_historico,4.7,288.0,5.0,3.0,10.0,51.0,219.0,"restaurantes, Popayán, Colombia",True,
ChIJDTvomhwDMI4RuTXCWQ5Clbc,Yhajaira Ricuras Del Mar Guapi,Restaurant,Restaurant,"Cra. 8 #7-19, Centro, Popayán, Cauca",2.4400898,-76.60840069999999,308.0,centro_historico,4.5,285.0,8.0,7.0,20.0,56.0,194.0,"restaurantes, Popayán, Colombia",True,
ChIJgbsYFXUDMI4RnMR6V-GkUhA,Wine’s Sacristy,Restaurant,Restaurant,"Cra. 6 #18 AN 61, Popayán, Cauca",2.4527205,-76.5966661,1611.0,fuera,4.5,279.0,7.0,9.0,19.0,43.0,201.0,"restaurantes, Popayán, Colombia",True,
ChIJI4fsOlgDMI4R15PGUrg_HQw,Burger Stack Popayan,Hamburger restaurant,Hamburger restaurant,"Cl. 10 Nte. #7-2 a 7-126, Popayán, Cauca",2.4517705,-76.6030784,1157.0,fuera,4.4,278.0,9.0,7.0,18.0,60.0,184.0,"restaurantes, Popayán, Colombia",True,
ChIJxbicu1QDMI4RdHb6JKKK4UE,Restaurante Carmina,Restaurant,Restaurant,"Cra. 2 #3-58, Centro, Popayán, Cauca",2.4414764,-76.6021118,464.0,centro_historico,4.6,266.0,8.0,7.0,10.0,34.0,207.0,"restaurantes, Popayán, Colombia",True,
ChIJ76RrexADMI4Ru4W9_Kvg_rw,RapiArepa,Restaurant,"Restaurant, Espresso bar, Fast food restaurant, Meal delivery","Cl 5 #9-35, Centro, Popayán, Cauca",2.4421495,-76.60895359999999,299.0,centro_historico,4.5,257.0,9.0,2.0,20.0,52.0,174.0,"restaurantes, Popayán, Colombia",True,
ChIJ0xyOZnMDMI4R8dbY8CJe6vU,Donatello Pizza Popayán.,Pizza restaurant,Pizza restaurant,"Cra. 9 #5n - 14, Comuna 1, Popayán, Cauca",2.4491099,-76.605912,806.0,fuera,4.3,253.0,10.0,11.0,19.0,59.0,154.0,"restaurantes, Popayán, Colombia",True,
ChIJEwiX_KMDMI4RGhDWDw19Ahw,Puerto Vallarta Campanario Popayán,Restaurant,Restaurant,"Cra. 9 #n°24 AN -21 local C02, Comuna 1, Campamento, Popayán, Cauca",2.4599756,-76.5951729,2361.0,fuera,4.9,253.0,1.0,1.0,1.0,9.0,241.0,"comida típica, Popayán, Colombia",True,
ChIJoRa0AF0DMI4RTlJGZwZ52IU,Latte Chocolatte,Restaurant,"Restaurant, Bar & grill, Brunch restaurant","Cra. 4A #1-16, Centro, Popayán, Cauca",2.4440044,-76.6031885,417.0,centro_historico,4.6,250.0,10.0,2.0,11.0,42.0,185.0,"restaurantes, Popayán, Colombia",True,
ChIJ2ZA8cHMDMI4RQnndFCwE934,Qaray Cocina de Autor,Bar & grill,Bar & grill,"Cra. 7 #5-06, Centro, Popayán, Cauca",2.4414909,-76.60704539999999,95.0,centro_historico,4.4,237.0,16.0,5.0,5.0,47.0,164.0,"restaurantes, Popayán, Colombia",True,
ChIJwbFZt5wDMI4RsppKEDRwAgQ,Cuktero,Restaurant,Restaurant,"Cra. 8A #26AN-10, Popayán, Cauca",2.4600366,-76.592013,2567.0,fuera,4.7,234.0,5.0,1.0,9.0,33.0,186.0,"restaurantes, Popayán, Colombia",True,
ChIJg6S2_roFMI4Ragd8qYnq2oI,Prints Popayan,Restaurant,Restaurant,"JUSTO EN FRENTE DE DONDE ERA LA SEDE DE SANITAS, Carrera11#17N-116 Barrio Antonio Nariño, Antonio nariño, Popayán, Cauca",2.456821,-76.5979578,1902.0,fuera,4.3,229.0,26.0,6.0,7.0,22.0,168.0,"restaurantes, Popayán, Colombia",True,
ChIJ4ftp2BADMI4RxWiAu_SxyaY,PIKO RIKO Popayán,Chicken restaurant,Chicken restaurant,"Cl. 4 #12-80, Popayán, Cauca",2.4442329,-76.61166109999999,654.0,centro_historico,4.1,226.0,11.0,9.0,33.0,67.0,106.0,"restaurantes, Popayán, Colombia",True,
ChIJFWX-dHQDMI4RbL8Il1Nw5lw,PRÍSTINO Gastro Bar,Restaurant,"Restaurant, Bar, Gastropub, Meal delivery","Comuna 1, Popayán, Cauca",2.4548126,-76.6006386,1570.0,fuera,4.4,223.0,10.0,4.0,16.0,50.0,143.0,"restaurantes, Popayán, Colombia",True,
ChIJ85sDlxoDMI4RBtSkS0kwaqg,Brazas De Mi Tierra Centro,Restaurant,Restaurant,"Centro, Popayán, Cauca",2.4407651,-76.6079767,225.0,centro_historico,4.0,201.0,17.0,13.0,14.0,60.0,97.0,"restaurantes, Popayán, Colombia",True,
ChIJX0pVkBIDMI4RBWc0MaK5AR8,ALITAS 818 POPAYÁN,Restaurant,Restaurant,"Cra. 7 #18N-52, Popayán, Cauca",2.4535643,-76.5969926,1660.0,fuera,4.4,197.0,10.0,6.0,13.0,35.0,133.0,"restaurantes, Popayán, Colombia",True,
ChIJY2tIEScDMI4R9lw6PMOBapI,Restaurante Punto Sabroso - Puelenje,Colombian restaurant,Colombian restaurant,"a 19-128, Cl. 22 #192, Popayán, Cauca",2.4338736,-76.6257955,2344.0,fuera,3.9,194.0,21.0,10.0,24.0,57.0,82.0,"comida típica, Popayán, Colombia",True,
ChIJddVgpq8DMI4R7aakzMmzP_8,Estadero Don Luis,Restaurant,"Restaurant, Cafeteria","Salida al Huila Km.2.5, Popayán, Cauca",2.4398832,-76.58603339999999,2259.0,fuera,4.3,190.0,8.0,2.0,23.0,56.0,101.0,"restaurantes, Popayán, Colombia",True,
ChIJSQIVThcDMI4R_8vKxbEdOuc,La Pizarra 100% Masa Madre,Restaurant,"Restaurant, Pizza restaurant","Cl 5 #8-13, Centro, Popayán, Cauca",2.4419014,-76.6079197,183.0,centro_historico,4.3,183.0,5.0,11.0,14.0,46.0,107.0,"restaurantes, Popayán, Colombia",True,
ChIJl8pbmMwDMI4R8e0e8xkTz4o,Cafeteria La Fresa,Cafeteria,"Cafeteria, Cafe","Cl 5 #9-37, Centro, Popayán, Cauca",2.4420397,-76.6089989,303.0,centro_historico,4.5,182.0,6.0,2.0,12.0,43.0,119.0,"restaurantes, Popayán, Colombia",True,
ChIJI-4np-wFMI4RgRO2ujATZAQ,Estacion Parrilla Popayán,Restaurant,Restaurant,"Cra. 6 #37AN -12, Popayán, Cauca",2.4650941,-76.58068,3841.0,fuera,4.4,169.0,14.0,2.0,7.0,27.0,119.0,"restaurantes, Popayán, Colombia",True,
ChIJiSye86cDMI4RP0fMtn4Q3aM,Taquería la Estatal,Mexican restaurant,Mexican restaurant,"Cra. 7 #2-47, Centro, Popayán, Cauca",2.4438357,-76.60605199999999,220.0,centro_historico,4.4,165.0,8.0,5.0,11.0,37.0,104.0,"restaurantes, Popayán, Colombia",True,
ChIJwY787pEDMI4RvD_aRxLJ_fE,A VAPOR Parrilla & Bar,Restaurant,Restaurant,"Cl. 16 Nte. #8-70 8-2 a, Comuna 1, Popayán, Cauca",2.4536223,-76.5995264,1507.0,fuera,4.5,162.0,4.0,5.0,7.0,37.0,109.0,"restaurantes, Popayán, Colombia",True,
ChIJ5UBj1A8DMI4Rq2HhaXhbDZs,Restaurante Jengibre Centro,Restaurant,Restaurant,"Cl. 3 #7-30, Centro, Popayán, Cauca",2.4434852,-76.6065492,182.0,centro_historico,4.2,160.0,6.0,5.0,21.0,49.0,79.0,"restaurantes, Popayán, Colombia",True,
ChIJb7xgWoYDMI4R80bAHIFQTW4,Canoa y Mar Restaurante,Restaurant,Restaurant,"Cra. 8 #3-25, Centro, Popayán, Cauca",2.4433212,-76.60720599999999,192.0,centro_historico,4.2,159.0,12.0,6.0,11.0,34.0,96.0,"restaurantes, Popayán, Colombia",True,
ChIJzzvvMjwFMI4RBYO0u1v9fRg,El fogón de la abuela,Colombian restaurant,Colombian restaurant,"Variante Nte., Popayán, Cauca",2.4713761,-76.61843549999999,3548.0,fuera,3.8,155.0,22.0,8.0,19.0,29.0,77.0,"restaurantes, Popayán, Colombia",True,
ChIJiyJ19BYDMI4RokMREwDK5WQ,La Sorpresa,Family restaurant,Family restaurant,"Cl. 4 # 17-32, Popayán, Cauca",2.4454853,-76.6147898,1028.0,fuera,4.0,154.0,13.0,2.0,28.0,38.0,73.0,"restaurantes, Popayán, Colombia",True,
ChIJjQd4Ue4DMI4RpJwhnhCizgY,DORATTO Pizzeria & food,Pizza restaurant,Pizza restaurant,"Cl. 7 #20-44 a 20-74, Popayán, Cauca",2.4437707,-76.6187889,1406.0,fuera,4.4,152.0,10.0,6.0,6.0,21.0,109.0,"restaurantes, Popayán, Colombia",True,
ChIJM6U7B08DMI4RvbgmHXX7G3g,Kü - ROLLOS ARTESANALES,Restaurant,Restaurant,"Carrera 11 # 1n - 87, Popayán, Cauca",2.4472537,-76.6090354,673.0,centro_historico,4.6,151.0,2.0,1.0,7.0,31.0,110.0,"restaurantes, Popayán, Colombia",True,
ChIJQYMo3fwDMI4Rtq3ZzcgaXO4,Mopri's Shawarma,Restaurant,Restaurant,"Cl. 7 #19-54, la esmeralda, Popayán, Cauca",2.4436352,-76.6176485,1279.0,fuera,4.6,151.0,2.0,3.0,10.0,27.0,109.0,"restaurantes, Popayán, Colombia",True,
ChIJ_yL7thwDMI4Rs99yqtg1v9A,El Kumis,Cafe,Cafe,"Cra 5 #02 # 11, Santa Teresa, Popayán, Cauca",2.4359746,-76.6070865,661.0,centro_historico,4.5,146.0,5.0,2.0,12.0,29.0,98.0,"comida típica, Popayán, Colombia",True,
ChIJ2fVodQADMI4RZx6gImN5I0M,Casona Vip Food And Drinks,Restaurant,"Restaurant, Family restaurant","Cl. 7 #3-29, Centro, Popayán, Cauca",2.4386986,-76.6043258,414.0,centro_historico,4.5,142.0,7.0,2.0,10.0,22.0,101.0,"restaurantes, Popayán, Colombia",True,
ChIJoXIwCQQDMI4R6hnMSu-w_lY,Gratta Cocina Fusión,Restaurant,Restaurant,"Cl. 1a #8-32, Comuna 1, Popayán, Cauca",2.4461081,-76.6067001,474.0,centro_historico,4.5,140.0,13.0,1.0,5.0,11.0,110.0,"restaurantes, Popayán, Colombia",True,
ChIJiyAlqBoDMI4Rwjo-_VarHdA,Asados Llaneros Gran Colombiano,Restaurant,Restaurant,"Cl 5 #7-40, Centro, Popayán, Cauca",2.441866,-76.6073407,119.0,centro_historico,4.4,140.0,5.0,2.0,9.0,34.0,90.0,"restaurantes, Popayán, Colombia",True,
ChIJEQXT2xcDMI4RE-c1z1TQqsA,Hong Kong,Restaurant,Restaurant,"Cl. 7 #19-61, Popayán, Cauca",2.4434319,-76.6177865,1291.0,fuera,3.9,140.0,21.0,4.0,14.0,28.0,73.0,"restaurantes, Popayán, Colombia",True,
ChIJ_7hPndUDMI4RA2BEXhbj3j0,Herencia 1537 Popayán,Restaurant,Restaurant,"Cl 17 N # 7-36, Comuna 1, Popayán, Cauca",2.4536729,-76.5984041,1577.0,fuera,4.6,138.0,2.0,1.0,10.0,19.0,106.0,"restaurantes, Popayán, Colombia",True,
ChIJ-ZxVQRADMI4RKdk5t88u9xI,Restaurante Taller de Cocina,Restaurant,Restaurant,"Cra. 9 #9-12, Centro, Popayán, Cauca",2.443226,-76.608413,282.0,centro_historico,4.4,132.0,6.0,5.0,6.0,33.0,82.0,"restaurantes, Popayán, Colombia",True,
ChIJBw_5L0IDMI4RrOoFTQ_eBug,Empanitas Popayán,Restaurant,Restaurant,"La Pamba, Cl. 4 #1 -70, Popayán, Cauca",2.4409995,-76.6018845,497.0,centro_historico,4.4,131.0,9.0,3.0,9.0,22.0,88.0,"restaurante centro histórico, Popayán, Colombia",True,
ChIJ29pzalUDMI4RzyIrpmRWG1E,PiliPau La Tolda - sede Ciudad Jardín,Colombian restaurant,Colombian restaurant,"Cra. 7 #19 N - 99, Popayán, Cauca",2.4543239,-76.59531919999999,1844.0,fuera,4.7,123.0,0.0,3.0,6.0,18.0,96.0,"comida típica, Popayán, Colombia",True,
ChIJafdtQK8DMI4RZcl9-0Cz6as,RPM Pizza MotorCo,Pizza restaurant,Pizza restaurant,"Cl. 4 #2 - 63, Centro, Popayán, Cauca",2.4411451,-76.60279109999999,395.0,centro_historico,4.8,122.0,0.0,1.0,3.0,13.0,105.0,"restaurantes, Popayán, Colombia",True,
ChIJYR6QKhsDMI4RnQYUhPV0NLU,Loncheria Belalcazar,Restaurant,Restaurant,"Cra. 6 #7-13, Centro, Popayán, Cauca",2.4394275,-76.6066469,274.0,centro_historico,4.2,122.0,4.0,3.0,16.0,43.0,56.0,"restaurante centro histórico, Popayán, Colombia",True,
ChIJHcrJ98QDMI4RFQy4hz-DZy4,Supersandwich Popayán,Fast food restaurant,Fast food restaurant,"Cl. 8 #13-04 esquina, Popayán, Cauca",2.4407633,-76.6134115,802.0,fuera,4.4,113.0,6.0,4.0,5.0,26.0,72.0,"restaurantes, Popayán, Colombia",True,
ChIJ1RoUrBoDMI4RqXFdB9ywvQc,La Cocina de Armenta,Restaurant,Restaurant,"Cra. 8 #3-18, Centro, Popayán, Cauca",2.4434319,-76.60731059999999,209.0,centro_historico,4.6,112.0,4.0,1.0,3.0,17.0,87.0,"restaurantes, Popayán, Colombia",True,
ChIJed7_ZPMDMI4RUtYjNrMP5FM,Comidas Rapidas Popayan,Meal delivery,"Meal delivery, Hamburger restaurant","n1 Norte n 38, carrera 13, Comuna 1, Popayán, Cauca",2.4537221,-76.5979926,1607.0,fuera,4.4,110.0,16.0,0.0,0.0,2.0,92.0,"restaurantes, Popayán, Colombia",True,
ChIJn97pA1UDMI4R8pIgCHy37yQ,ENCHOCLATE,Mexican restaurant,Mexican restaurant,"Cl. 13 #11-34, Las Americas, Popayán, Cauca",2.4361617,-76.61318349999999,996.0,fuera,4.5,107.0,6.0,2.0,3.0,15.0,81.0,"restaurantes, Popayán, Colombia",True,
ChIJXeAZ3g8DMI4RCLtUfly4iaQ,Cafe de Pelicula (Cafe Bar),Bar & grill,"Bar & grill, Cafe","Cra. 7c #3, Centro, Popayán, Cauca",2.4430565,-76.6063018,132.0,centro_historico,4.1,89.0,5.0,2.0,13.0,24.0,45.0,"restaurante centro histórico, Popayán, Colombia",True,
ChIJfeT16pQDMI4R2ELklthIXqc,Baruch Pizza & Fast Food,Pizza restaurant,Pizza restaurant,"Cra. 23 #8 - 89, Popayán, Cauca",2.4431145,-76.6225726,1816.0,fuera,4.5,88.0,6.0,3.0,2.0,11.0,66.0,"restaurantes, Popayán, Colombia",True,
ChIJDw1o33MEMI4RpslRFesvLR0,La Pizarra - Norte,Pizza restaurant,Pizza restaurant,"Cl 5 #8-13, Centro, Popayán, Cauca",2.4419014,-76.6079197,183.0,centro_historico,4.3,87.0,3.0,2.0,10.0,27.0,45.0,"restaurantes, Popayán, Colombia",True,
ChIJ0xeo3A8DMI4RN9kNmnp-GCQ,Caucana de Dulces Típicos Cafetería y Restaurante,Restaurant,"Restaurant, Espresso bar","Cl. 3 #6-70, Centro, Popayán, Cauca",2.44333,-76.6060725,164.0,centro_historico,4.5,84.0,2.0,2.0,6.0,18.0,56.0,"restaurantes, Popayán, Colombia",True,
ChIJY3YrOxoDMI4R5PGj2GeNWvo,Patacos popayan,Restaurant,Restaurant,"Cra. 8 #18-69, Popayán, Cauca",2.4547264,-76.5968535,1772.0,fuera,4.4,82.0,6.0,1.0,5.0,13.0,57.0,"comida típica, Popayán, Colombia",True,
ChIJ1we1Rt0DMI4RZq4YCTvhFQI,Centro de Popayán,Historical landmark,Historical landmark,"Cra. 7 #5-52, Centro, Popayán, Cauca",2.4411415,-76.6070733,120.0,centro_historico,4.6,81.0,2.0,1.0,5.0,10.0,63.0,"restaurante centro histórico, Popayán, Colombia",False,No es establecimiento; punto de interes
ChIJQZ8DPgADMI4R_EowOaqWLdI,Historia Colonial Popayán,Coffee shop,Coffee shop,"Cl 2 #5-3, Centro, Popayán, Cauca",2.4439062,-76.6056863,236.0,centro_historico,4.0,78.0,12.0,3.0,5.0,11.0,47.0,"restaurantes, Popayán, Colombia",True,
ChIJfYH2Yr0DMI4RZe0NI6x-VnM,Gardens Popayán,Restaurant,"Restaurant, Bar","Boulevard Rose, Comuna 1, Popayán, Cauca",2.4549011,-76.60051059999999,1584.0,fuera,4.1,77.0,9.0,4.0,7.0,11.0,46.0,"restaurantes, Popayán, Colombia",True,
ChIJHfYnU2sDMI4Ru6z6_0ULaPM,CocoCauca,Restaurant,"Restaurant, Espresso bar, Ice cream shop","Centro Histórico, Cra 5 #3 -43, Centro, Popayán, Cauca",2.442329,-76.604309,224.0,centro_historico,4.0,75.0,10.0,5.0,10.0,3.0,47.0,"restaurante centro histórico, Popayán, Colombia",True,
ChIJ4bv8tBcDMI4RCp74s3aqUZU,"Restaurante ""Mi Cucharita""",Restaurant,Restaurant,"Cl. 6 #18-66, Popayán, Cauca",2.4441996,-76.6167849,1196.0,fuera,4.6,72.0,1.0,0.0,4.0,14.0,53.0,"restaurantes, Popayán, Colombia",True,
ChIJ4fOvkV8DMI4RCmCFN--tfuc,Pizza Club,Restaurant,Restaurant,"Cl. 3 #2-64, Centro, Popayán, Cauca",2.4422207,-76.60240569999999,432.0,centro_historico,4.9,68.0,0.0,0.0,2.0,1.0,65.0,"restaurante centro histórico, Popayán, Colombia",True,
ChIJVWLljkQDMI4RdjSdw2iHzsw,La doña del arroz,Rice restaurant,Rice restaurant,"B/Valencia, Cra. 11 #5-20, Popayán, Cauca",2.4430932,-76.611085,552.0,centro_historico,4.2,66.0,5.0,2.0,4.0,17.0,38.0,"restaurantes, Popayán, Colombia",True,
ChIJXeaRmQ8DMI4R0mwyDgEeoxE,Restaurante y Cafetería Casa Grande,Restaurant,Restaurant,"Cl. 3 # 4 81, Centro, Popayán, Cauca",2.4426715,-76.60429189999999,238.0,centro_historico,4.4,64.0,3.0,1.0,2.0,22.0,36.0,"restaurante centro histórico, Popayán, Colombia",True,
ChIJI1_lFfwDMI4R7y5p3VQ9H1g,Kimono,Kyoto style Japanese restaurant,Kyoto style Japanese restaurant,"Cra. 8 #3 - 17, Centro, Popayán, Cauca",2.4433789,-76.6071922,197.0,centro_historico,4.2,62.0,7.0,3.0,1.0,11.0,40.0,"restaurantes, Popayán, Colombia",True,
ChIJDXGfvfUDMI4RsF3xZM4nB1I,La Tolda de La Carrera 11,Colombian restaurant,Colombian restaurant,"Esquina Fabrica, Cl. 1a #12 1N 33, Popayán, Cauca",2.4466045,-76.61066869999999,718.0,fuera,4.6,59.0,1.0,0.0,3.0,12.0,43.0,"comida típica, Popayán, Colombia",True,
ChIJRVkQexADMI4R3SS1BpNaEtA,La tienda de Carmelita,Cafe,Cafe,"Cl 5 #9-45, Centro, Popayán, Cauca",2.4422017,-76.60902159999999,308.0,centro_historico,4.4,59.0,0.0,0.0,9.0,20.0,30.0,"restaurantes, Popayán, Colombia",True,
ChIJJ_27gzADMI4R1eeMPe6Bhq8,HOSHI,Japanese restaurant,Japanese restaurant,"HOTEL SAN MARTIN, Cra. 9 #18N 40 LOCAL 7, Popayán, Cauca",2.4549709,-76.5973277,1764.0,fuera,4.3,58.0,6.0,2.0,0.0,9.0,41.0,"restaurantes, Popayán, Colombia",True,
ChIJU7YzHSQDMI4RwHYrKXIL_c8,El Gran Castillo Estadero y Restaurante,Family restaurant,Family restaurant,"Cra. 2E #25n-26, Popayán, Cauca",2.448537,-76.5858543,2387.0,fuera,4.7,58.0,1.0,1.0,1.0,11.0,44.0,"comida típica, Popayán, Colombia",True,
ChIJO_cWwaQDMI4RSnNzrDzjTUo,Caseritos Al Carbon Popayán,Chophouse restaurant,Chophouse restaurant,"IPS Comfacauca, Calle 2 entre carreras 10, Cl. 2 #y 11, Popayán, Cauca",2.4451798,-76.60900149999999,477.0,centro_historico,4.7,56.0,4.0,0.0,0.0,2.0,50.0,"restaurantes, Popayán, Colombia",True,
ChIJc8KjLxsDMI4RtpwJsdVMt5s,Restaurante Palmettos,Restaurant,Restaurant,"Cl. 8 #6-35, Centro, Popayán, Cauca",2.438758,-76.60713,359.0,centro_historico,4.5,51.0,1.0,1.0,6.0,7.0,36.0,"restaurantes, Popayán, Colombia",True,
ChIJb5AjuhoDMI4R1d9uazPyJOg,Muerda Chorizo,Restaurant,Restaurant,"Cl. 6 #722, Centro, Popayán, Cauca",2.4408438,-76.6074427,173.0,centro_historico,4.3,50.0,4.0,2.0,2.0,11.0,31.0,"restaurantes, Popayán, Colombia",True,
